Locus number,rsID,Locus,Number of enriched tissues,Strongest tissue,Variants in 95% credible set,Lead SNP PPA,Nearest gene,Previous rare variant CAD association,Monogenic_disorder,Drug or MR evidence,Missense or protein-altering variant,Primary PoPS gene,Secondary PoPS gene,Mouse phenotype,Top GTEx eQTL gene,Other GTEx eQTL genes,Top STARNET eQTL gene,Other STARNET eQTL genes,Most likely causal gene,Known vs Novel gene,Number of features,UKBB PheWAS Diseases,UKBB PheWAS Continuous traits
1,rs2843152,1:2245570:C:G,4,HSMM,10,0.58,SKI,,,,,SKI,GNB1,,,,,,SKI,Novel,2,,Alkaline phosphatase (+) <br>Aspartate aminotransferase (+) <br>Triglycerides (+) <br>
2,rs7413494,1:2985885:C:G,2,Kidney,4,0.48,PRDM16,,,,,PRDM16,ARHGEF16,,,,,,PRDM16,Novel,2,,
3,rs2493298,1:3325912:A:C,2,Kidney,4,0.48,PRDM16,,,,PRDM16,PRDM16,DFFB,,,,,,PRDM16,Novel,3,Hypertension (+) <br>,DBP (+) <br>SBP (+) <br>
4,rs79598313,1:27284913:C:T,4,HUVEC,3,0.88,KDF1,,,,,WASF2,ARID1A,ARID1A,,,,,ARID1A,Novel,2,Gout (+) <br>Hypercholesterolemia (+) <br>,Alanine aminotransferase (+) <br>Alkaline phosphatase (-) <br>Apolipoprotein A (-) <br>Apolipoprotein B (+) <br>C-reactive protein (-) <br>Cholesterol (+) <br>Creatinine (-) <br>Gamma glutamyltransferase (-) <br>HDL-cholesterol (-) <br>IGF-1 (-) <br>LDL-direct (+) <br>SBP (+) <br>SHBG (-) <br>Testosterone (-) <br>Total bilirubin (+) <br>Triglycerides (+) <br>Urate (+) <br>
5,rs61776719,1:38461319:A:C,5,Aorta,17,0.49,FHL3,,,,,INPP5B,FHL3,,FHL3 (TIB; AOR; SAF),SF3A3 (VAF); UTP11L (BLD; COR; ADR),FHL3 (MAM; AOR; SAF; VAF),UTP11 (MAM; AOR); SF3A3 (BLD; AOR; VAF); MANEAL (SAF),FHL3,Novel,3,,DBP (-) <br>SBP (+) <br>
6,rs11591147,1:55505647:G:T,9,Adipose,1,1,PCSK9,PCSK9,PCSK9,PCSK9,PCSK9,PCSK9,USP24,BSND; PCSK9,,,,,PCSK9,Known,7,Hypercholesterolemia (+) <br>,Apolipoprotein A (-) <br>Apolipoprotein B (+) <br>Cholesterol (+) <br>LDL-direct (+) <br>
6,rs472495,1:55521313:G:T,9,Adipose,1,1,PCSK9,PCSK9,PCSK9,PCSK9,,PCSK9,USP24,BSND; PCSK9,,,,,PCSK9,Known,6,Hypercholesterolemia (+) <br>,Apolipoprotein B (+) <br>Cholesterol (+) <br>LDL-direct (+) <br>
6,rs34232196,1:55489542:C:T,9,Adipose,1,1,BSND,PCSK9,PCSK9,PCSK9,,PCSK9,USP24,BSND; PCSK9,BSND (BLD),PCSK9 (TIB),,,PCSK9,Known,6,Hypercholesterolemia (+) <br>,Apolipoprotein B (+) <br>Cholesterol (+) <br>LDL-direct (+) <br>
7,rs11206803,1:56877509:C:T,2,Liver,11,0.18,PPAP2B,,,,,PPAP2B,PRKAA2,PPAP2B,,,,,PPAP2B,Novel,3,,
7,rs56170783,1:57016131:A:C,2,Liver,11,0.18,PPAP2B,,,,,PPAP2B,PRKAA2,PPAP2B,,,,,PPAP2B,Novel,3,,BMI (-) <br>
8,rs71646019,1:59433354:C:T,3,Liver,9,0.24,LOC100131060,,,,,JUN,MYSM1,,,,,,-,,1,,
9,rs12740374,1:109817590:G:T,5,Kidney,2,0.86,CELSR2,,SARS1,,,SORT1,AMPD2,,SORT1 (LIV),PSRC1 (BLD),SORT1 (LIV),CELSR2 (LIV; SKLM); PSRC1 (LIV; BLD); SARS (LIV; VAF),SORT1; CELSR2,Known (SORT1)/Novel (CELSR2),2,Hypercholesterolemia (+) <br>,Albumin (+) <br>Apolipoprotein A (-) <br>Apolipoprotein B (+) <br>C-reactive protein (-) <br>Cholesterol (+) <br>Creatinine (-) <br>Gamma glutamyltransferase (+) <br>HDL-cholesterol (-) <br>IGF-1 (-) <br>LDL-direct (+) <br>Total protein (+) <br>Triglycerides (+) <br>
10,rs1230666,1:114173410:A:G,,,,,MAGI3,,,,,MAGI3,HIPK1,,,,,,MAGI3,Novel,2,Type 2 Diabetes (+) <br>Hyperthyroidism (+) <br>Hypothyroidism (+) <br>Rheumatoid arthritis (+) <br>,
11,rs61797068,1:115902514:C:G,,,,,NGF,,CASQ2,,,NGF,CASQ2,NGF,,,,,NGF,Novel,3,,
12,rs67807996,1:149995265:A:G,,,,,OTUD7B,,,,,ECM1,C1orf54,,,,,,-,,1,Chronic obstructive pulmonary disease (+) <br>,
12,rs11585169,1:150572037:A:T,,,,,MCL1,,,,MTMR11; ADAMTSL4-AS1,ARNT,ECM1,,,,ENSA (MAM),,-,,1,,Aspartate aminotransferase (+) <br>Glucose (+) <br>SBP (+) <br>Urate (+) <br>
13,rs6686750,1:154419843:A:G,2,Liver,20,0.12,IL6R,,,IL6R,,IL6R,CHRNB2,,IL6R (BLD),,,,IL6R,Known,4,,Albumin (-) <br>Alkaline phosphatase (+) <br>C-reactive protein (+) <br>SHBG (-) <br>
14,rs61806987,1:169314833:A:G,,,,,NME7,,SLC19A2,,NME7,ATP1B1,NME7,SLC19A2,NME7 (AOR),,,,NME7,Novel,4,,Glucose (-) <br>HbA1c (-) <br>
15,rs60154123,1:210468999:C:T,5,Adipose,18,0.35,HHAT,,,,,DIEXF,HHAT,,,,,,HHAT,Novel,2,Hypercholesterolemia (+) <br>,
16,rs17163363,1:222828704:C:T,,,,,MIA3,,,,,MIA3,DISP1,,RP11-378J18.8 (TIB; VAF; AOR; SAF; ADR; COR),,,,MIA3,Novel,2,Heart Failure (+) <br>Hypercholesterolemia (+) <br>,Glucose (+) <br>
17,rs16986953,2:19942473:A:G,1,Aorta,1,1,FLJ12334,,,,,SDC1,OSR1,,OSR1 (TIB),,,,OSR1,Novel,2,,HbA1c (-) <br>
18,rs515135,2:21286057:C:T,,,,,APOB,,APOB,APOB,,APOB,HS1BP3,APOB,,,,,APOB,Known,5,Hypercholesterolemia (+) <br>,Alkaline phosphatase (+) <br>Apolipoprotein B (+) <br>Cholesterol (+) <br>LDL-direct (+) <br>Triglycerides (+) <br>
19,rs4245791,2:44074431:C:T,1,Liver,3,0.39,ABCG8,,ABCG5; ABCG8; DYNC2LI1,,,ABCG5,ABCG8,ABCG5; ABCG8,,,,,ABCG8,Known,4,Cholelithiasis or Gallstones (-) <br>Hypercholesterolemia (+) <br>,Alanine aminotransferase (-) <br>Apolipoprotein B (+) <br>Aspartate aminotransferase (-) <br>Cholesterol (+) <br>LDL-direct (+) <br>
19,rs76866386,2:44075483:C:T,1,Liver,3,0.39,ABCG8,,ABCG5; ABCG8; DYNC2LI1,,ABCG5; ABCG8,ABCG5,ABCG8,ABCG5; ABCG8,,,,,ABCG8,Known,5,Cholelithiasis or Gallstones (-) <br>Hypercholesterolemia (+) <br>Pancreatitis (-) <br>,Alanine aminotransferase (-) <br>Apolipoprotein B (+) <br>Aspartate aminotransferase (-) <br>Cholesterol (+) <br>LDL-direct (+) <br>
20,rs582384,2:45896437:A:C,2,HUVEC,9,0.57,PRKCE,,,,,PRKCE,SRBD1,,,,,,PRKCE,Novel,2,,
21,rs243071,2:60619028:A:G,,,,,MIR4432,,,,,BCL11A,REL,,,,,,-,,1,Type 2 Diabetes (+) <br>,
22,rs10176176,2:85762048:A:T,1,Monocytes,14,0.3,PARTICL,,,,,GGCX,TCF7L1,VAMP8,GGCX (BLD; TIB; AOR; SAF; VAF),,GGCX (AOR; SAF; VAF; SKLM; BLD),MAT2A (MAM; AOR); VAMP5 (SKLM),GGCX,Novel,2,Prostate cancer (-) <br>,
23,rs114192718,2:128785663:C:T,10,Adipose,2,0.56,SAP130,,,,,LIMS2,WDR33,SAP130,,,,,SAP130,Novel,2,,
24,rs4662330,2:144186475:C:T,,,,,ARHGAP15,,,,,ARHGAP15,KYNU,,,,,,ARHGAP15,Novel,2,,
25,rs6740731,2:145270592:A:G,10,Aorta,2,0.93,ZEB2,,,,,ZEB2,GTDC1,,,,,,ZEB2,Novel,2,,
25,rs10928241,2:145831428:C:T,1,Adipose,12,0.33,TEX41,,,,,ZEB2*,GTDC1*,,,,,,-,,1,,DBP (-) <br>SBP (-) <br>
26,rs35611688,2:148377860:C:T,,,,,ACVR2A,,,,,ACVR2A,MBD5,,,,,,ACVR2A,Novel,2,,Creatinine (+) <br>Cystatin C (+) <br>Urate (+) <br>Urea (+) <br>
27,rs10930115,2:164930382:A:T,,,,,FIGN,,,,,FIGN,GRB14,,,,,,FIGN,Novel,2,Hypertension (+) <br>,SBP (+) <br>
28,rs148812085,2:203877233:C:T,10,Aorta,1,0.98,NBEAL1,,,,CARF; WDR12,BMPR2,NBEAL1,,NBEAL1 (AOR; COR; VAF),CARF (SAF); ICA1L (TIB),NBEAL1 (MAM; AOR),ICA1L (MAM; BLD; SKLM; AOR); AC023271.1 (MAM; AOR); RPL7P14 (MAM); FAM117B (MAM); CARF (MAM; SAF; LIV),NBEAL1,Novel,3,Osteoarthritis (-) <br>,Alkaline phosphatase (-) <br>Apolipoprotein B (-) <br>Cholesterol (-) <br>Cystatin C (+) <br>IGF-1 (+) <br>LDL-direct (-) <br>
29,rs1250247,2:216299629:C:G,8,Liver,8,0.38,FN1,,,,FN1,FN1,ATIC,FN1,,,FN1 (SAF),,FN1,Known,5,,LDL-direct (-) <br>SBP (+) <br>
30,rs2161967,2:218680529:G:T,1,Adipose,15,0.17,TNS1,,,,TNS1,TNS1,TMBIM1,,,,,,TNS1,Novel,3,,DBP (+) <br>SBP (+) <br>
31,rs952227,2:227062080:A:G,,,,,LOC646736,,,,,IRS1*,COL4A4*,IRS1,RP11-395N3.2 (SAF),,,,IRS1,Novel,2,Type 2 Diabetes (+) <br>Hypercholesterolemia (+) <br>,Alanine aminotransferase (+) <br>Albumin (+) <br>Apolipoprotein A (-) <br>Aspartate aminotransferase (+) <br>Gamma glutamyltransferase (+) <br>HDL-cholesterol (-) <br>SBP (+) <br>SHBG (-) <br>Triglycerides (+) <br>
32,rs4140748,2:230005505:A:G,1,Aorta,20,0.08,PID1,,,,,PID1,DNER,,,,,,PID1,Novel,2,,
33,rs283485,2:233645691:A:G,,,,,GIGYF2,,,,KCNJ13,GIGYF2,INPP5D,GIGYF2,,,,,GIGYF2,Novel,3,,Albumin (+) <br>Calcium (+) <br>Creatinine (-) <br>Cystatin C (-) <br>Gamma glutamyltransferase (+) <br>
34,rs34991912,3:14926351:C:T,,,,,FGD5,,,,,FGD5,NR2C2,,,,,,FGD5,Novel,2,Hypertension (+) <br>,DBP (+) <br>SBP (+) <br>
35,rs34759087,3:49162284:C:T,,,,,LAMB2,,,,LAMB2,LAMB2,DAG1,ARIH2; LAMB2,,,,,LAMB2,Novel,4,,BMI (+) <br>DBP (+) <br>SBP (+) <br>
36,rs77347777,3:52848207:C:T,1,Liver,1,1,ITIH4,,,,,NISCH,PBRM1,,SFMBT1 (VAF),,,,-,,1,,
37,rs17843797,3:124453022:G:T,1,Monocytes,7,0.29,UMPS,,,,ITGB5,HEG1,KALRN,,UMPS (SAF; BLD),,UMPS (VAF),,UMPS,Novel,2,,Cystatin C (+) <br>
38,rs34330586,3:135800409:A:T,,,,,PPP2R3A,,,,,STAG1,PPP2R3A,,,,MSL2 (LIV),,PPP2R3A,Novel,2,Hypercholesterolemia (+) <br>Hypertension (+) <br>,Alanine aminotransferase (+) <br>Alkaline phosphatase (+) <br>Apolipoprotein A (-) <br>BMI (+) <br>C reactive protein (-) <br>Gamma glutamyltransferase (+) <br>HDL-cholesterol (-) <br>IGF-1 (+) <br>LDL-direct (+) <br>SHBG (-) <br>Total bilirubin (-) <br>Total protein (+) <br>Triglycerides (+) <br>Urea (-) <br>
39,rs185244,3:138092889:C:T,2,Adipose,6,0.32,MRAS,,,,,MRAS,PIK3CB,,MRAS (AOR; TIB; COR; SAF),,MRAS (AOR; MAM; SKLM),ESYT3 (AOR),MRAS,Novel,3,Hypertension (+) <br>,BMI (-) <br>HbA1c (+) <br>
40,rs357494,3:153937753:A:G,,,,,ARHGEF26,,,,ARHGEF26,ARHGEF26,DHX36,,ARHGEF26 (AOR; TIB),ARHGEF26-AS1 (VAF; TIB),ARHGEF26 (MAM),DHX36 (SKLM); ARHGEF26-AS1 (MAM),ARHGEF26,Novel,4,,Glucose (-) <br>Urate (+) <br>
41,rs4266144,3:156852592:C:G,5,Aorta,6,0.28,LOC339894,,,,,TIPARP,CCNL1,,LINC00881 (COR),,TIPARP (AOR; SKLM),,TIPARP,Novel,2,,HbA1c (-) <br>
42,rs34229028,3:172117455:A:AC,,,,,FNDC3B,,,,,FNDC3B,ECT2,,,,,,FNDC3B,Novel,2,,IGF-1 (-) <br>
43,rs17083333,4:54572066:G:T,2,HUVEC,19,0.77,LNX1,,,,,FIP1L1,SCFD2,,,,,,-,,1,,
44,rs781663,4:57781754:A:G,1,Adipose,21,0.31,REST,,,,REST,IGFBP7,REST,REST,POLR2B (BLD),,REST (AOR; MAM),,REST,Novel,5,,
45,rs12500824,4:77416627:A:G,2,Liver,11,0.18,SHROOM3,,,,,SEPT11,SHROOM3,,SHROOM3 (LIV),,SHROOM3 (LIV),,SHROOM3,Novel,3,Hypertension (+) <br>,Alanine aminotransferase (+) <br>Albumin (-) <br>Alkaline phosphatase (+) <br>Aspartate aminotransferase (+) <br>Creatinine (-) <br>Cystatin C (-) <br>Urea (-) <br>
46,rs10857147,4:81181072:A:T,4,Monocytes,5,0.41,FGF5,,,,,ANTXR2,PRDM8,,,,,,-,,1,Hypercholesterolemia (+) <br>Hypertension (+) <br>,Apolipoprotein B (-) <br>Cholesterol (-) <br>Creatinine (-) <br>Cystatin C (-) <br>DBP (+) <br>SBP (+) <br>Urate (-) <br>
47,rs36002015,4:82625720:G:GT,,,,,RASGEF1B,,,,,RASGEF1B,PRKG2,,,,,,RASGEF1B,Novel,2,,
48,rs7678555,4:120909501:A:C,,,,,MAD2L1,,,,,PDE5A,MAD2L1,,,,PDE5A (AOR),,MAD2L1; PDE5A,Novel,2,,
49,rs13124853,4:146784774:A:G,1,Adipose,18,0.21,ZNF827,,,,,SMAD1,ZNF827,,ZNF827 (TIB),,ZNF827 (MAM; AOR),,ZNF827,Novel,3,,Alanine aminotransferase (-) <br>Aspartate aminotransferase (-) <br>Gamma glutamyltransferase (-) <br>SBP (+) <br>
50,rs6841581,4:148401190:A:G,2,HUVEC,4,0.37,EDNRA,,,,,EDNRA,ARHGAP10,EDNRA,,,EDNRA (AOR),,EDNRA,Known,4,,SBP (+) <br>
50,rs13120678,4:148273397:A:G,2,HUVEC,4,0.37,EDNRA,,,,,EDNRA,ARHGAP10,EDNRA,,,EDNRA (LIV),,EDNRA,Known,4,,Glucose (+) <br>Oestradiol (+) <br>Vitamin D (-) <br>
51,rs7440763,4:156433520:G:T,,,,,MAP9,GUCY1A3,,,,GUCY1A3,GUCY1B3,GUCY1A3; GUCY1B3,,,,,GUCY1A3,Known,3,Hypertension (+) <br>,DBP (+) <br>SBP (+) <br>
51,rs3796587,4:156638073:C:G,,,,,GUCY1A3,GUCY1A3,,,,GUCY1A3,GUCY1B3,GUCY1A3; GUCY1B3,,,,,GUCY1A3,Known,4,Hypercholesterolemia (+) <br>Hypertension (+) <br>,DBP (+) <br>SBP (+) <br>
52,rs869396,4:169688000:A:C,4,Aorta,6,0.69,PALLD,,,,,PALLD,SH3RF1,,,,,,PALLD,Novel,2,,SBP (+) <br>
53,rs17263917,5:9552338:A:G,1,Aorta,20,0.17,SNORD123,,,,,SEMA5A,TAS2R1,SEMA5A,SEMA5A (AOR; COR),,SEMA5A (MAM; AOR),SEMA5A-AS1 (AOR),SEMA5A,Novel,3,,
54,rs4074793,5:52193125:A:G,5,Aorta,2,0.95,ITGA1,,,,,ITGA1,PELO,,,,ITGA1 (LIV; AOR; SAF; VAF; MAM),,ITGA1,Novel,3,Hypercholesterolemia (+) <br>,Alanine aminotransferase (+) <br>Albumin (-) <br>Alkaline phosphatase (+) <br>C-reactive protein (+) <br>Gamma glutamyltransferase (+) <br>
55,rs62362364,5:55441571:C:G,4,Adipose,8,0.52,ANKRD55,,,,,IL6ST,SLC38A9,,,,,,-,,1,,
56,rs3936510,5:55860866:G:T,4,Adipose,8,0.52,MAP3K1,,,,,MAP3K1,MIER3,,,,,,MAP3K1,Novel,2,Type 2 Diabetes (+) <br>Hypercholesterolemia (+) <br>Hypertension (+) <br>,Alanine aminotransferase (+) <br>Alkaline phosphatase (-) <br>Apolipoprotein A (-) <br>Apolipoprotein B (+) <br>Gamma glutamyltransferase (+) <br>HDL-cholesterol (-) <br>LDL-direct (+) <br>SBP (+) <br>SHBG (-) <br>Triglycerides (+) <br>Urate (+) <br>
57,rs12916,5:74656539:C:T,2,Liver,28,0.77,HMGCR,,,HMGCR,,POLK,COL4A3BP,,,,,,HMGCR,Known,2,Hypercholesterolemia (+) <br>,Apolipoprotein B (+) <br>BMI (-) <br>Cholesterol (+) <br>HbA1c (-) <br>LDL-direct (+) <br>Triglycerides (+) <br>Vitamin D (+) <br>
58,rs112949822,5:108085190:A:G,6,Adipose,19,0.12,FER,,,,,FER,FBXL17,,,,FER (AOR),,FER,Novel,3,,
59,rs13169691,5:118448279:C:T,,,,,DMXL1,,,,,DMXL1,TNFAIP8,,,,,,DMXL1,Novel,2,,
60,rs4345341,5:121278751:A:T,,,,,SRFBP1,,LOX; SRFBP1,,,LOX,SNCAIP,LOX,,,LOX (LIV),,LOX,Novel,4,,
61,rs6883598,5:127926190:A:C,,,,,FBN2,,FBN2,,,FBN2,SLC12A2,,,,,,FBN2,Novel,3,Hypertension (+) <br>,DBP (+) <br>SBP (+) <br>
62,rs10477741,5:131795310:G:T,4,Liver,3,0.47,IRF-AS1,,,,,AFF4,IRF1,,,,,,-,,1,Asthma (+) <br>,
63,rs249760,5:141915692:C:T,,,,,FGF1,,,,,FGF1,SPRY4,,,,,,FGF1,Novel,2,,Glucose (-) <br>Oestradiol (-) <br>
64,rs3776307,5:142494165:A:G,,,,,ARHGAP26,,,,,NR3C1,FGF1,,,,,,-,,1,,
65,rs72836800,6:1617327:C:T,6,Aorta,3,0.39,FOXC1,,,,,FOXC1,GMDS,,,,,,FOXC1,Novel,2,,
66,rs9349379,6:12903957:A:G,2,HUVEC,1,1,PHACTR1,,,,,PHACTR1,GFOD1,PHACTR1,PHACTR1 (TIB; AOR; COR),,PHACTR1 (MAM; AOR),RP1-257A7.5 (MAM); TBC1D7 (MAM); GFOD1 (MAM),PHACTR1,Novel,4,Migraine (-) <br>,SBP (-) <br>
67,rs6909752,6:22612629:A:G,1,Aorta,29,0.3,HDGFL1,,,,,PRL,HDGFL1,,,,,,HDGFL1,Novel,2,,
68,rs9266631,6:31346898:A:G,8,Adipose,13,0.38,MICA,,,,,APOM,HSPA1A,,,,,,-,,1,Asthma (+) <br>Type 2 Diabetes (+) <br>Hypercholesterolemia (+) <br>Psoriasis (+) <br>Rheumatoid arthritis (+) <br>,C-reactive protein (+) <br>HbA1c (+) <br>Rheumatoid factor (-) <br>SHBG (-) <br>Total bilirubin (-) <br>Total protein (-) <br>Triglycerides (+) <br>
69,rs9469899,6:34793124:A:G,,,,,UHRF1BP1,,,,SNRPC; UHRF1BP1,ANKS1A,ZNF76,ILRUN,UHRF1BP1 (TIB; BLD; AOR; ADR; COR),SNRPC (SAF; VAF; LIV),UHRF1BP1 (SAF; MAM; AOR; SKLM; BLD; VAF; LIV),SNRPC (VAF; SAF; LIV; BLD),UHRF1BP1,Novel,3,Hypertension (+) <br>Hypothyroidism (+) <br>,Apolipoprotein A (-) <br>BMI (+) <br>Cystatin C (+) <br>DBP (+) <br>HDL-cholesterol (-) <br>
70,rs733701,6:39171862:C:T,1,Liver,1,0.97,KCNK5,,,GLP1R,,KCNK17,KCNK5,,,,,,KCNK5,Novel,2,,
71,rs1034246,6:43068370:G:T,,,,,PTK7,,,,,UBR2,SRF,,PTK7 (AOR),,,,PTK7,Novel,2,,
72,rs6905288,6:43758873:A:G,1,Monocytes,3,0.71,VEGFA,,,,,VEGFA,SLC29A1,VEGFA,,,,,VEGFA,Known,3,Hypercholesterolemia (+) <br>Hypertension (+) <br>,Alanine aminotransferase (+) <br>Apolipoprotein A (-) <br>Aspartate aminotransferase (+) <br>Cystatin C (-) <br>DBP (+) <br>Glucose (-) <br>HDL-cholesterol (-) <br>IGF-1 (+) <br>SHBG (-) <br>Triglycerides (+) <br>
73,rs11752218,6:57145562:C:T,,,,,PRIM2,,,,,DST,RAB23,,,,,,-,,1,,
74,rs9361867,6:82595959:C:T,,,,,FAM46A,,,,,FAM46A,IBTK,,,,,,FAM46A,Novel,2,,
75,rs2983896,6:97029871:A:G,,,,,FHL5,,,,,FHL5,UFL1,,,,,,FHL5,Novel,2,Hypertension (-) <br>Migraine (-) <br>,DBP (-) <br>SBP (-) <br>Triglycerides (-) <br>
76,rs35510806,6:126678331:T:TA,,,,,CENPW,,,,,CENPW,TRMT11,,CENPW (SAF; TIB),,,,CENPW,Novel,3,,Apolipoprotein B (+) <br>C-reactive protein (+) <br>Gamma glutamyltransferase (+) <br>HDL-cholesterol (-) <br>IGF-1 (-) <br>LDL-direct (+) <br>Phosphate (-) <br>Total bilirubin (+) <br>Triglycerides (+) <br>
77,rs6919211,6:133999868:C:G,,,,,TARID,,EYA4; TARID,,,TCF21,SLC2A12,TCF21,,,,,TCF21; TARID,Known (TCF21)/Novel (TARID),2,,
77,rs2327426,6:134202690:C:T,2,Monocytes,11,0.52,TCF21,,,,,TCF21,SLC2A12,TCF21,TCF21 (ADR),,,,TCF21,Known,4,Hypertension (+) <br>,Creatinine (-) <br>Urea (-) <br>
78,rs2492304,6:134378151:A:T,2,Monocytes,11,0.52,SLC2A12,,,,,TCF21,SLC2A12,TCF21,SLC2A12 (TIB; AOR),,SLC2A12 (SKLM; AOR),,SLC2A12,Novel,3,,
79,rs17080093,6:150997440:C:T,,,,,PLEKHG1,,,,,MTHFD1L,PLEKHG1,,,,,,PLEKHG1,Novel,2,Hypertension (+) <br>,DBP (+) <br>SBP (+) <br>
80,rs6932293,6:160535878:C:T,,,,,SLC22A1,LPA,,LPA,SLC22A1,IGF2R,SLC22A3,PLG,,,,,LPA; SLC22A1,Known (LPA)/Novel (SLC22A1),2,Hypercholesterolemia (+) <br>,Apolipoprotein B (+) <br>Cholesterol (+) <br>Glucose (-) <br>LDL-direct (+) <br>Lipoprotein A (+) <br>Vitamin D (+) <br>
80,rs56195640,6:160720747:A:G,,,,,SLC22A2,LPA,PLG,LPA,,PLG,IGF2R,PLG,,,,,PLG,Novel,3,,Lipoprotein A (+) <br>
80,rs10455872,6:161010118:A:G,,,,,LPA,LPA,PLG,LPA,,PLG,IGF2R,PLG,,,,,LPA; PLG,Known (LPA)/Novel (PLG),3,Aortic valve disease (+) <br>Bradyarrhythmia (+) <br>Hypercholesterolemia (+) <br>Hypertension (+) <br>Peripheral vascular disease (+) <br>,Albumin (-) <br>Apolipoprotein B (+) <br>Cholesterol (+) <br>Creatinine (+) <br>HbA1c (+) <br>LDL-direct (+) <br>Lipoprotein A (+) <br>Triglycerides (-) <br>
80,rs73596816,6:161017363:A:G,,,,,LPA,LPA,PLG,LPA,,PLG,IGF2R,PLG,,,,,LPA; PLG,Known (LPA)/Novel (PLG),3,Hypercholesterolemia (+) <br>,Apolipoprotein B (+) <br>Cholesterol (+) <br>LDL-direct (+) <br>Lipoprotein A (+) <br>
80,rs79018195,6:161024291:C:T,,,,,LPA,LPA,PLG,LPA,,PLG,IGF2R,PLG,,,,,LPA; PLG,Known (LPA)/Novel (PLG),3,,Lipoprotein A (+) <br>
80,rs192425087,6:161032250:C:T,,,,,LPA,LPA,PLG,LPA,,PLG,IGF2R,PLG,,,,,LPA; PLG,Known (LPA)/Novel (PLG),3,Hypercholesterolemia (+) <br>,Cholesterol (+) <br>LDL-direct (+) <br>Lipoprotein A (+) <br>
80,rs1998043,6:161097871:A:G,,,,,LPA,LPA,PLG,LPA,,PLG,SLC22A3,PLG,,,,,LPA; PLG,Known (LPA)/Novel (PLG),3,,Cholesterol (+) <br>HDL-cholesterol (+) <br>LDL-direct (+) <br>Lipoprotein A (+) <br>Triglycerides (-) <br>
80,rs28867400,6:161104918:A:G,,,,,LPA,LPA,PLG,LPA,,PLG,SLC22A3,PLG,,,,,LPA; PLG,Known (LPA)/Novel (PLG),3,Hypercholesterolemia (+) <br>,Apolipoprotein B (+) <br>Cholesterol (+) <br>LDL-direct (+) <br>Lipoprotein A (+) <br>
80,rs186696265,6:161111700:C:T,,,,,PLG,LPA,PLG,LPA,,PLG,SLC22A3,PLG,,,,,PLG,Novel,4,Hypercholesterolemia (+) <br>,Apolipoprotein B (+) <br>Cholesterol (+) <br>LDL-direct (+) <br>Lipoprotein A (+) <br>Triglycerides (-) <br>
80,rs184278183,6:161177756:C:T,,,,,PLG,LPA,PLG,LPA,,PLG,SLC22A3,PLG,,,,,PLG,Novel,4,Hypercholesterolemia (+) <br>,Cholesterol (+) <br>LDL-direct (+) <br>Lipoprotein A (+) <br>
81,rs62435159,7:1911281:A:G,1,Liver,46,0.09,MAD1L1,,,,,MAD1L1,MAFK,,,,,,MAD1L1,Novel,2,Type 2 Diabetes (+) <br>,BMI (+) <br>Glucose (+) <br>HbA1c (+) <br>
82,rs10951983,7:6446027:A:G,2,Aorta,20,0.32,RAC1,,,,DAGLB,RAC1,CYTH3,DAGLB,,,,,RAC1; DAGLB,Novel,2,Cholelithiasis or Gallstones (-) <br>,Apolipoprotein A (-) <br>HDL-cholesterol (-) <br>
83,rs2107595,7:19049388:A:G,2,Adipose,1,0.98,HDAC9,,,,,HDAC9,TWIST1,,TWIST1 (AOR),,TWIST1 (MAM; AOR),AC003986.6 (MAM),HDAC9; TWIST1,Known (HDAC9)/Novel (TWIST1),2,Hypercholesterolemia (+) <br>Hypertension (+) <br>,Glucose (-) <br>HbA1c (-) <br>SBP (+) <br>
84,rs10486389,7:20300416:A:G,,,,,MACC1,,,,,ITGB8,TMEM196,,,,,,-,,1,,
85,rs2215614,7:35277093:A:C,6,Kidney,70,0.05,TBX20,,,,,TBX20,HERPUD2,TBX20,,,TBX20 (AOR),,TBX20,Novel,4,,
86,rs2107732,7:45077978:A:G,,,,,CCM2,,CCM2,NPC1L1,CCM2,CCM2,OGDH,CCM2,,,,,CCM2,Novel,5,Hypertension (+) <br>,DBP (+) <br>Vitamin D (+) <br>
87,rs12112877,7:106941324:C:T,,,,,COG5,,,,,PRKAR2B,HBP1,,,,,,-,,1,Hypercholesterolemia (+) <br>,Alkaline phosphatase (+) <br>Calcium (-) <br>Cystatin C (-) <br>
88,rs13222797,7:117100046:G:T,,,,,CFTR,,,,CFTR,CFTR,WNT2,,,,,,CFTR,Novel,3,,
89,rs11556924,7:129663496:C:T,,,,,ZC3HC1,,,,ZC3HC1,UBE2H,KLHDC10,,,,,,ZC3HC1,Known,2,Hypertension (+) <br>,Creatinine (+) <br>Cystatin C (+) <br>DBP (+) <br>SHBG (-) <br>
90,rs756142636,7:139760540:T:TCCCTGCTCTC,4,Adipose,165,0.67,PARP12,,,,,HIPK2,PARP12,,,,,,PARP12,Novel,2,,
91,rs3918226,7:150690176:C:T,3,Adipose,1,1,NOS3,NOS3,NOS3; KCNH2,NOS3,,NOS3,SMARCD3,NOS3,,,NOS3 (VAF; LIV),,NOS3,Known,7,Allergic rhinitis (-) <br>Hypercholesterolemia (+) <br>Hypertension (+) <br>,Creatinine (+) <br>DBP (+) <br>SBP (+) <br>
92,rs4646249,8:18260431:G:T,,,,,NAT2,,,,,PCM1,PSD3,,,,,,-,,1,Hypercholesterolemia (+) <br>,Albumin (-) <br>Alkaline phosphatase (-) <br>Cholesterol (+) <br>IGF-1 (+) <br>LDL-direct (+) <br>Triglycerides (+) <br>
93,rs268,8:19813529:A:G,,,,,LPL,LPL,LPL,,LPL,LPL,CSGALNACT1,LPL,,,,,LPL,Known,6,Hypercholesterolemia (+) <br>,Apolipoprotein A (-) <br>Apolipoprotein B (+) <br>HDL-cholesterol (-) <br>LDL-direct (+) <br>Triglycerides (+) <br>
93,rs894211,8:19865747:C:T,,,,,LPL,LPL,LPL,,,LPL,CSGALNACT1,LPL,,,,,LPL,Known,5,Hypercholesterolemia (+) <br>,Apolipoprotein A (-) <br>Apolipoprotein B (+) <br>Aspartate aminotransferase (+) <br>HDL-cholesterol (-) <br>LDL-direct (+) <br>Triglycerides (+) <br>
93,rs66778572,8:19916120:A:G,,,,,SLC18A1,,,,,LPL,CSGALNACT1,LPL,,,,,LPL,Known,2,Hypercholesterolemia (+) <br>,Apolipoprotein A (-) <br>HDL-cholesterol (-) <br>Triglycerides (+) <br>
94,rs56408342,8:22048490:A:G,1,HSMM,18,0.26,BMP1,,,,,BMP1,SORBS3,,BMP1 (AOR; SAF),PHYHIP (TIB),BMP1 (AOR; MAM; SAF),,BMP1,Novel,3,,
95,rs1510758,8:25061807:A:G,2,Liver,16,0.14,DOCK5,,,,,DOCK5,KCTD9,,,,,,DOCK5,Novel,2,,Glucose (+) <br>Vitamin D (-) <br>
96,rs34917849,8:95278307:C:G,1,Aorta,6,0.36,GEM,,,,GEM,GEM,KIAA1429,,,,,,GEM,Novel,3,,SBP (+) <br>
97,rs2001846,8:126478450:C:T,5,Adipose,4,0.52,TRIB1,,,,,TRIB1,NSMCE2,TRIB1,,,,,TRIB1,Known,3,Hypercholesterolemia (+) <br>,Alanine aminotransferase (+) <br>Albumin (+) <br>Alkaline phosphatase (+) <br>Apolipoprotein B (+) <br>Aspartate aminotransferase (+) <br>BMI (-) <br>C-reactive protein (+) <br>Cholesterol (+) <br>Creatinine (-) <br>Cystatin C (-) <br>Gamma glutamyltransferase (+) <br>HDL-cholesterol (-) <br>HbA1c (-) <br>LDL-direct (+) <br>Triglycerides (+) <br>Vitamin D (+) <br>
98,rs10961206,9:13724051:A:T,,,,,C9orf146,,,,,NFIB,MPDZ,,,,,,-,,1,,
99,rs10811183,9:19436055:A:G,1,Adipose,35,0.26,ACER2,,,,,DENND4C,ACER2,,,,,,ACER2,Novel,2,,Cholesterol (+) <br>Glucose (-) <br>HDL-cholesterol (+) <br>LDL-direct (+) <br>
100,rs76959412,9:22011083:C:G,4,Adipose,2,0.74,CDKN2B-AS1,,,,,CDKN2A,CDKN2B,,,,,,-,,1,,
100,rs2891168,9:22098619:A:G,4,Adipose,2,0.74,CDKN2B-AS1,,,,,CDKN2A,CDKN2B,,,,,,-,,1,Type 2 Diabetes (+) <br>Glaucoma (+) <br>Heart Failure (+) <br>Hypercholesterolemia (+) <br>Peripheral vascular disease (+) <br>,Apolipoprotein B (-) <br>Creatinine (+) <br>
100,rs6475608,9:22101702:C:T,4,Adipose,2,0.74,CDKN2B-AS1,,,,,CDKN2A,CDKN2B,,,,,,-,,1,,
100,rs11523031,9:21843842:A:G,4,Adipose,2,0.74,MTAP,,,,,CDKN2A,CDKN2B,,MTAP (VAF),,,,MTAP,Novel,2,,Glucose (-) <br>
101,rs1967604,9:110530324:A:G,1,Adipose,2,0.94,KLF4,,,,,KLF4,RAD23B,,,,,,KLF4,Novel,2,,HbA1c (+) <br>
102,rs41312891,9:123726749:G:GCAAA,,,,,C5,,,,C5; TRAF1,STOM,CDK5RAP2,,,,,,C5,Novel,2,,
102,rs885150,9:124420173:C:T,5,Adipose,9,0.16,DAB2IP,,,,,DAB2IP,STOM,,DAB2IP (VAF),,,,DAB2IP,Novel,3,,
103,rs651007,9:136153875:C:T,2,HUVEC,6,0.26,ABO,,CEL; ADAMTS13; DBH,,,CEL,TSC1,,,,ABO (SAF),,ABO; CEL,Novel,2,Hypercholesterolemia (+) <br>Venous thromboembolism (+) <br>,Alanine aminotransferase (+) <br>Alkaline phosphatase (-) <br>Apolipoprotein A (+) <br>Apolipoprotein B (+) <br>Aspartate aminotransferase (-) <br>C-reactive protein (+) <br>Cholesterol (+) <br>Creatinine (-) <br>DBP (-) <br>Gamma glutamyltransferase (+) <br>Glucose (+) <br>HDL-cholesterol (+) <br>HbA1c (+) <br>LDL-direct (+) <br>Total bilirubin (-) <br>Total protein (+) <br>Triglycerides (-) <br>Urea (+) <br>
104,rs17566555,10:12275947:A:G,1,Aorta,7,0.63,CDC123,,,,,CAMK1D,UPF2,,CAMK1D (TIB),NUDT5 (BLD),,,CAMK1D,Novel,2,,
105,rs9337951,10:30317073:A:G,7,Aorta,1,1,JCAD,,,,,JCAD,SVIL,,,,JCAD (MAM),,JCAD,Known,3,,Oestradiol (+) <br>
106,rs1870634,10:44480811:G:T,,,,,LOC283033,,,,,CXCL12,ZNF32,CXCL12,,,,,CXCL12,Known,2,,
106,rs2457480,10:44740010:A:G,,,,,CXCL12,,,,,CXCL12,-,CXCL12,,,,,CXCL12,Known,3,,
106,rs494207,10:44741256:A:G,,,,,CXCL12,,,,,CXCL12,-,CXCL12,,,,,CXCL12,Known,3,,Glucose (+) <br>HbA1c (+) <br>
107,rs17680741,10:82251514:C:T,6,Liver,4,0.28,TSPAN14,,,,,ANXA11,TSPAN14,,,,,,TSPAN14,Novel,2,,
108,rs1051338,10:91007360:G:T,1,Adipose,7,0.38,LIPA,,LIPA,,LIPA,ACTA2,LIPA,LIPA,LIPA (BLD; VAF; ADR; AOR; SAF),,LIPA (LIV; BLD; VAF; AOR),,LIPA,Known,6,,Alkaline phosphatase (+) <br>C-reactive protein (+) <br>
109,rs55753709,10:96029170:C:T,,,,,PLCE1,,,,,PLCE1,TBC1D12,PLCE1,PLCE1-AS1 (TIB),,,,PLCE1,Novel,3,Hypertension (-) <br>,DBP (-) <br>IGF-1 (-) <br>SBP (-) <br>
110,rs884811,10:99923763:C:G,,,,,R3HCC1L,,HPS1,,LOXL4,LOXL4,MARVELD1,,,,LOXL4 (AOR),,LOXL4,Novel,3,,BMI (+) <br>
111,rs77787671,10:104776205:C:T,,,,,CNNM2,,,,,CYP17A1,CNNM2,CYP17A1,MARCKSL1P1 (SAF; ADR; AOR; COR),NT5C2 (BLD),NT5C2 (BLD; AOR),,CNNM2; CYP17A1,Novel,2,Hypertension (+) <br>,BMI (-) <br>DBP (+) <br>HbA1c (+) <br>SBP (+) <br>
112,rs2067831,10:105643223:C:G,,,,,OBFC1,,,,,SH3PXD2A,SLK,,,,,,-,,1,,SBP (-) <br>
113,rs2672592,10:124230750:G:T,1,HSMM,17,0.7,HTRA1,,HTRA1,,,HTRA1,TACC2,,,,,,HTRA1,Novel,3,,
114,rs11601507,11:5701074:A:C,,,,,TRIM5,,,,TRIM5,TRIM5,TRIM22,,,,,,TRIM5,Novel,3,Hypercholesterolemia (+) <br>,Alanine aminotransferase (+) <br>Alkaline phosphatase (+) <br>Apolipoprotein A (-) <br>Apolipoprotein B (+) <br>Aspartate aminotransferase (+) <br>Cholesterol (+) <br>HDL-cholesterol (-) <br>LDL-direct (+) <br>Total bilirubin (+) <br>
115,rs4537761,11:9323353:C:T,,,,,TMEM41B,,,,,ST5,SWAP70,,,,,,-,,1,,
115,rs360153,11:9762274:C:T,,,,,SWAP70,,,,SWAP70,SWAP70,SBF2,,,,SWAP70 (MAM),,SWAP70,Novel,4,Hypertension (+) <br>,DBP (+) <br>HbA1c (-) <br>SBP (+) <br>Total protein (-) <br>
116,rs11316597,11:13295751:A:AT,4,Monocytes,40,0.15,ARNTL,,,,,ARNTL,TEAD1,ARNTL,,,,,ARNTL,Novel,3,Hypertension (+) <br>,BMI (+) <br>C-reactive protein (+) <br>DBP (+) <br>SBP (+) <br>SHBG (-) <br>Total bilirubin (-) <br>
117,rs7118294,11:32380521:C:T,3,Adrenal,4,0.31,WT1,,,,,WT1,CCDC73,WT1,,,,,WT1,Novel,3,Uterine fibroids (+) <br>,
118,rs2306363,11:65405600:G:T,5,Kidney,3,0.91,SIPA1,,,,,RELA,SIPA1,MAP3K11,,,,,SIPA1,Novel,2,Hypertension (+) <br>,Apolipoprotein A (-) <br>DBP (+) <br>HDL-cholesterol (-) <br>SBP (+) <br>SHBG (-) <br>Triglycerides (+) <br>Urate (+) <br>
119,rs584961,11:75277628:A:G,3,Adipose,6,0.27,SERPINH1,,,,,SERPINH1,ARRB1,,,,,,SERPINH1,Novel,2,,
120,rs633185,11:100593538:C:G,,,,,ARHGAP42,,,,,ARHGAP42,PGR,ARHGAP42,TMEM133 (TIB; COF; SAF),ARHGAP42 (AOR),ARHGAP42 (MAM; AOR),TMEM133 (MAM; AOR),ARHGAP42,Novel,4,Hypercholesterolemia (+) <br>Hypertension (+) <br>,DBP (+) <br>SBP (+) <br>
121,rs1892971,11:102795606:A:G,4,Adipose,5,0.43,MMP13,,,MMP12,,MMP13,MMP3,MMP13,,,,,MMP13,Novel,3,,
122,rs2839812,11:103673294:A:T,,,,,MIR4693,,,,,PDGFD,DYNC2H1,,PDGFD (AOR),,PDGFD (AOR),,PDGFD,Novel,2,,
123,rs10488763,11:110244360:A:T,5,HSMM,2,0.51,FDX1,,,,,RDX,FDX1,,RDX (BLD),,,,FDX1; RDX,Novel,2,,
124,rs964184,11:116648917:C:G,1,Liver,1,1,ZNF259,APOC3; APOA5,APOA1; APOC3; APOA5,APOC3,,APOA1,APOC3,,,,APOA5 (LIV),,APOC3,Known,4,Hypercholesterolemia (+) <br>,Apolipoprotein B (+) <br>Aspartate aminotransferase (+) <br>Cholesterol (+) <br>Creatinine (-) <br>HDL-cholesterol (-) <br>HbA1c (-) <br>LDL-direct (+) <br>Total bilirubin (+) <br>Triglycerides (+) <br>
125,rs1177562,11:118949331:C:T,,,,,VPS11,,,,VPS11,MCAM,BCL9L,,HMBS (LIV; COR),RP11-110I1.14 (VAF; TIB; SAF; ADR; AOR_,VPS11 (SKLM),HMBS (LIV; BLD; SKLM; VAF; SAF; AOR),VPS11,Novel,3,,Alanine aminotransferase (+) <br>Albumin (+) <br>Apolipoprotein A (-) <br>BMI (+) <br>Gamma glutamyltransferase (+) <br>HDL-cholesterol (-) <br>Total protein (+) <br>
126,rs4938809,11:120363937:C:T,,,,,ARHGEF12,,,,,ARHGEF12,TMEM136,,,,,,ARHGEF12,Novel,2,,IGF-1 (+) <br>
127,rs10790800,11:126262638:A:G,1,Adipose,12,0.39,ST3GAL4,,,,,ST3GAL4,TIRAP,,,,,,ST3GAL4,Novel,2,,Alkaline phosphatase (-) <br>
128,rs72447384,12:7178440:T:TATTTA,2,Liver,15,0.48,C1S,,,,C1S,CHD4,C1S,,,,,,C1S,Novel,3,,Gamma glutamyltransferase (+) <br>
129,rs10841443,12:20220033:C:G,5,HSMM,2,0.91,LOC100506393,,,PDE3A,,PDE3A,AEBP2,,,,,,PDE3A,Novel,2,Hypertension (+) <br>,DBP (+) <br>
130,rs75160195,12:54521594:C:T,,,,,LOC400043,,,,,CBX5,ITGA5,,,,,,-,,1,,
131,rs2681472,12:90008959:A:G,,,,,ATP2B1,,,,,ATP2B1,GALNT4,,ATP2B1 (TIB),,ATP2B1 (MAM; AOR),,ATP2B1,Novel,3,Hypertension (-) <br>,DBP (-) <br>HbA1c (-) <br>SBP (-) <br>
132,rs11107903,12:95507971:A:G,2,Monocytes,8,0.29,FGD6,,,,,FGD6,VEZT,,FGD6 (SAF),,,,FGD6,Novel,3,,
133,rs10774625,12:111910219:A:G,1,Liver,4,0.78,ATXN2,,,,SH2B3,ALDH2,ATXN2,ATXN2; SH2B3,,,,,ATXN2,Novel,3,Hypertension (+) <br>Hyperthyroidism (+) <br>Hypothyroidism (+) <br>Psoriasis (+) <br>,Alanine aminotransferase (+) <br>Albumin (-) <br>Alkaline phosphatase (+) <br>Apolipoprotein A (-) <br>Apolipoprotein B (-) <br>Aspartate aminotransferase (+) <br>Cholesterol (-) <br>Creatinine (+) <br>Cystatin C (+) <br>DBP (+) <br>Glucose (+) <br>HDL-cholesterol (-) <br>HbA1c (-) <br>LDL-direct (-) <br>Oestradiol (+) <br>Phosphate (+) <br>SBP (+) <br>Total bilirubin (+) <br>Total protein (+) <br>Urate (+) <br>Vitamin D (-) <br>
134,rs34606058,12:115353368:C:T,,,,,TBX3,,,,,TBX3,TBX5*,TBX3,,,,,TBX3,Novel,3,,DBP (+) <br>
135,rs2244608,12:121416988:A:G,3,Kidney,2,0.6,HNF1A,,HNF1A,,HNF1A,HNF1A,P2RX4,HNF1A,,,,,HNF1A,Novel,5,Cholelithiasis or Gallstones (-) <br>Type 2 Diabetes (+) <br>Hypercholesterolemia (+) <br>,Alkaline phosphatase (+) <br>Apolipoprotein A (+) <br>Apolipoprotein B (+) <br>C-reactive protein (-) <br>Cholesterol (+) <br>Cystatin C (+) <br>Gamma glutamyltransferase (-) <br>IGF-1 (+) <br>LDL-direct (+) <br>SHBG (-) <br>Urate (-) <br>Urea (+) <br>Vitamin D (+) <br>
136,rs7133378,12:124409502:A:G,,,,,DNAH10,,,,,NCOR2,EIF2B1,,DNAH10OS (TIB; SAF; VAF),RP11-380L11.4 (AOR); ZNF664 (BLD),CCDC92 (VAF; LIV; SKLM),DNAH10 (AOR; VAF; SAF; MAM),DNAH10,Novel,2,,Apolipoprotein A (-) <br>Creatinine (+) <br>HDL-cholesterol (-) <br>SHBG (-) <br>Triglycerides (+) <br>
137,rs7296737,12:125336956:C:T,1,Liver,4,0.68,SCARB1,,SCARB1,,,UBC,SCARB1,SCARB1,,,,,SCARB1,Novel,4,Hypercholesterolemia (+) <br>,Aspartate aminotransferase (+) <br>
137,rs7485656,12:125315647:A:G,1,Liver,4,0.68,SCARB1,,SCARB1,,,UBC,SCARB1,SCARB1,,,SCARB1 (BLD),,SCARB1,Novel,5,Hypercholesterolemia (+) <br>,Apolipoprotein B (+) <br>Cholesterol (+) <br>LDL-direct (+) <br>Oestradiol (-) <br>Triglycerides (+) <br>Vitamin D (+) <br>
138,rs17086617,13:28962686:C:T,2,HUVEC,17,0.38,FLT1,,,,,FLT1,PAN3,FLT1,,,,,FLT1,Novel,3,,
139,rs7991314,13:33126074:C:T,,,,,N4BP2L2,,BRCA2,,,FRY,PDS5B,,N4BP2L2 (AOR; TIB),,N4BP2L2 (LIV; SAF; VAF),ATP8A2P2 (MAM),N4BP2L2,Novel,2,,BMI (+) <br>Glucose (-) <br>HbA1c (-) <br>
140,rs8000794,13:99434810:C:G,,,,,DOCK9,,,,,DOCK9,FARP1,,,,,,DOCK9,Novel,2,,
141,rs11617955,13:110818102:A:T,4,HSMM,1,1,COL4A1,,COL4A1,,,COL4A1,COL4A2,COL4A1,,,,,COL4A1,Novel,4,,DBP (+) <br>
141,rs3783113,13:110834746:C:T,4,HSMM,1,1,COL4A1,,COL4A1,,,COL4A1,COL4A2,COL4A1,,,,,COL4A1,Novel,4,,DBP (+) <br>
141,rs11619113,13:110918660:C:G,4,HSMM,1,1,COL4A1,,COL4A1,,,COL4A1,COL4A2,COL4A1,,,,,COL4A1,Novel,4,,
142,rs4773141,13:110954353:C:G,4,HSMM,1,1,COL4A1,,COL4A1,,,COL4A1,COL4A2,COL4A1,,,,,COL4A1,Novel,4,,DBP (+) <br>
143,rs9515203,13:111049623:C:T,4,HSMM,1,1,COL4A2,,COL4A1,,,COL4A1,COL4A2,COL4A1,,,,,COL4A1,Novel,3,,HbA1c (-) <br>
143,rs7333991,13:111108436:C:T,4,HSMM,1,1,COL4A2,,COL4A1,,,COL4A1,COL4A2,COL4A1,,,,,COL4A1,Novel,3,,Alkaline phosphatase (+) <br>
144,rs4907571,13:113618496:C:T,4,HSMM,1,1,MCF2L-AS1,,F7; F10,F10,,F10,MCF2L,,,,,,F10,Novel,3,,SBP (+) <br>
145,rs10131894,14:75446879:C:G,2,HSMM,22,0.54,EIF2B2,,,,ACYP1; MLH3,PGF,EIF2B2,,EIF2B2 (SAF; VAF; AOR; TIB),MLH3 (BLD),MLH3 (BLD; AOR); ACYP1 (SKLM); PGF (VAF),EIF2B2 (MAM; VAF; LIV; BLD; SKLM),MLH3; EIF2B2,Novel,3,,Alkaline phosphatase (-) <br>IGF-1 (+) <br>
146,rs112635299,14:94838142:G:T,,,,,SERPINA1,,,,SERPINA1,SERPINA1,DDX24,,,,,,SERPINA1,Novel,3,Cholelithiasis or Gallstones (-) <br>Osteoarthritis (+) <br>Pancreatitis (-) <br>,Alanine aminotransferase (-) <br>Albumin (-) <br>Alkaline phosphatase (-) <br>Aspartate aminotransferase (-) <br>BMI (+) <br>C-reactive protein (+) <br>Calcium (-) <br>Cystatin C (-) <br>DBP (+) <br>Gamma glutamyltransferase (-) <br>IGF-1 (+) <br>SBP (+) <br>SHBG (-) <br>Testosterone (-) <br>Total protein (-) <br>Urea (-) <br>
147,rs36033161,14:100123487:C:T,1,HUVEC,6,0.4,HHIPL1,,,,,CYP46A1,EML1,,HHIPL1 (AOR),,,,HHIPL1,Novel,2,,
148,rs588136,15:58730498:C:T,3,Liver,6,0.5,LIPC,,,,,LIPC,ALDH1A2,LIPC,LIPC (LIV),,LIPC (LIV),,LIPC,Novel,4,Hypercholesterolemia (+) <br>,Alanine aminotransferase (-) <br>Alkaline phosphatase (-) <br>Apolipoprotein A (+) <br>Apolipoprotein B (+) <br>Aspartate aminotransferase (-) <br>Cholesterol (+) <br>HDL-cholesterol (+) <br>LDL-direct (+) <br>Triglycerides (+) <br>Vitamin D (-) <br>
149,rs56062135,15:67455630:C:T,5,Aorta,4,0.5,SMAD3,,SMAD3,,,SMAD3,SMAD6,,,,,,SMAD3,Known,3,Allergic rhinitis (-) <br>Asthma (-) <br>,IGF-1 (+) <br>
150,rs112238647,15:79051705:C:T,,,,,ADAMTS7,,,,,CTSH,CHRNA3,ADAMTS7,,,,,ADAMTS7,Known,2,,DBP (-) <br>Total protein (+) <br>
150,rs7177201,15:79065380:C:T,,,,,ADAMTS7,,,,ADAMTS7,CTSH,CHRNA3,ADAMTS7,RP11-114H24.5 (ADR; AOF; SAF; TIB),,,,ADAMTS7,Known,3,,Creatinine (-) <br>Cystatin C (-) <br>DBP (-) <br>
150,rs7173743,15:79141784:C:T,,,,,MORF4L1,,,,,CTSH,CHRNA3,ADAMTS7,ADAMTS7 (AOR),MORF4L (TIB),ADAMTS7 (MAM),,ADAMTS7; MORF4L,Known (ADAMTS7)/Novel (MORF4L),2,,Aspartate aminotransferase (+) <br>
151,rs2683260,15:81385552:G:T,2,HUVEC,4,0.66,CFAP161,,,,,MESDC2,STARD5,,,,,,-,,1,,HbA1c (-) <br>
152,rs1807214,15:89565257:A:C,,,,,ABHD2,,POLG,,,MFGE8,POLG,,MFGE8 (TIB),HAPLN3 (AOR),ABHD2 (AOR),MFGE8 (AOR); HAPLN3 (AOR; MAM),ABHD2; MFGE8; POLG,Novel,2,,Creatinine (+) <br>Glucose (+) <br>Oestradiol (+) <br>
153,rs7183988,15:91428589:G:T,6,Liver,5,0.38,FES,,,,,FURIN,FES,FES; FURIN,FURIN (AOR),,FURIN (AOR),FES (VAF; AOR),FES,Novel,4,Hypercholesterolemia (+) <br>Hypertension (+) <br>,Alanine aminotransferase (+) <br>DBP (+) <br>SBP (+) <br>
154,rs17581137,15:96146414:A:C,1,Aorta,25,0.7,LOC145820,,,,,NR2F2*,,,,,NR2F2-AS1 (MAM),,-,,1,,
155,rs12691049,16:15909513:A:C,1,HSMM,14,0.3,MYH11,,MYH11; NDE1; ABCC6,,,MYH11,NDE1,MYH11,,,,,MYH11,Novel,4,,
156,rs12446515,16:56987015:C:T,1,Adipose,7,0.43,CETP,,,CETP,,CETP,CX3CL1,,CETP (LIV; SAF; AOR),,CETP (LIV),,CETP,Known,4,Hypercholesterolemia (+) <br>,Apolipoprotein A (-) <br>Apolipoprotein B (+) <br>Aspartate aminotransferase (+) <br>Cholesterol (-) <br>HDL-cholesterol (-) <br>LDL-direct (+) <br>Triglycerides (+) <br>
157,rs12445401,16:72148419:A:G,,,,,DHX38,,,,,DHODH,HP,,,,,,-,,1,Hypercholesterolemia (+) <br>,Albumin (+) <br>Apolipoprotein B (+) <br>Aspartate aminotransferase (+) <br>Cholesterol (+) <br>Glucose (-) <br>HbA1c (-) <br>LDL-direct (+) <br>Triglycerides (+) <br>Vitamin D (+) <br>
158,rs8046696,16:75442143:G:T,,,,,CFDP1,,,,,BCAR1,WDR59,BCAR1,BCAR1 (TIB; AOR),TMEM170A (ADR),BCAR1 (AOR),,BCAR1,Novel,3,Hypertension (+) <br>,DBP (+) <br>SBP (+) <br>
159,rs10493891,16:81510742:C:T,,,,,CMIP,,,,,PLCG2,CMIP,PLCG2,,,,,CMIP; PLCG2,Novel,2,Hypertension (+) <br>,DBP (+) <br>SBP (+) <br>
160,rs7189462,16:81907867:G:T,1,Adrenal,33,0.11,PLCG2,,,,,PLCG2,CMIP,PLCG2,,,,,PLCG2,Novel,3,,C-reactive protein (-) <br>
161,rs7500448,16:83045790:A:G,,,,,CDH13,,,,,CDH13,OSGIN1*,,CHD13 (AOR),,CDH13 (AOR; MAM),CTD-3253I12.1 (AOR; MAM); RP11-298D21.1 (AOR; MAM); RP11-483P21.3 (AOR; MAM); RP11-543N12.1 (AOR),CDH13,Novel,3,,DBP (-) <br>SBP (+) <br>
162,rs4790881,17:2068932:A:C,,,,,SMG6,,,,,PAFAH1B1,SMG6,,,,SMG6 (MAM; AOR),,SMG6,Novel,3,,Albumin (-) <br>Alkaline phosphatase (-) <br>Apolipoprotein A (-) <br>Calcium (-) <br>Total protein (-) <br>
163,rs12936927,17:17726965:C:T,,,,,SREBF1,,,,,SREBF1,RAI1,PEMT; SREBF1,TOM1L2 (VAF; TIB; COR),SREBF1 (BLD); AC122129.1 (AOR; SAF); LRRC48 (ADR),,,SREBF1,Novel,4,,Creatinine (-) <br>Glucose (-) <br>IGF-1 (+) <br>Phosphate (+) <br>SHBG (-) <br>Vitamin D (+) <br>
164,rs11080107,17:27938424:C:T,1,Adrenal,7,0.41,ANKRD13B,,,,,SSH2,GIT1,,,,AC023389.3 (AOR),NSRP1 (LIV),-,,1,Hypertension (+) <br>Hypothyroidism (+) <br>,
165,rs12952244,17:40270081:A:G,,,,,KAT2A,,,,,STAT3,PTRF,PTRF,,,,,PTRF,Novel,2,Hypothyroidism (+) <br>,Albumin (-) <br>Glucose (-) <br>Oestradiol (-) <br>
165,rs8068844,17:40571284:C:T,,,,,PTRF,,,,,STAT3,PTRF,PTRF,,,,,PTRF,Novel,3,,C-reactive protein (+) <br>Gamma glutamyltransferase (+) <br>IGF-1 (-) <br>LDL-direct (+) <br>Triglycerides (+) <br>
166,rs17608766,17:45013271:C:T,,,,,GOSR2,,ITGB3; THCAT158,,,ITGB3,WNT9B,,,,,,ITGB3,Novel,2,Hypertension (+) <br>,HbA1c (+) <br>SBP (+) <br>Urea (+) <br>
167,rs4643373,17:47123423:C:T,,,,,IGF2BP1,,,,,PHB,ZNF652,,,,,,-,,1,Hypertension (+) <br>,BMI (+) <br>C-reactive protein (+) <br>Cystatin C (+) <br>DBP (+) <br>SBP (+) <br>SHBG (-) <br>
167,rs5820757,17:47417942:G:GA,,,,,ZNF652,,,,,PHB,ZNF652,,ZNF652 (TIB),,,,ZNF652,Novel,3,Asthma (+) <br>Hypercholesterolemia (+) <br>Hypertension (+) <br>,DBP (+) <br>HbA1c (+) <br>SBP (+) <br>SHBG (-) <br>Testosterone (-) <br>Triglycerides (+) <br>
168,rs11655024,17:59232365:C:T,,,,,BCAS3,,TBX4,,,TBX2,BCAS3,BCAS3,,,,,BCAS3,Novel,3,,Creatinine (-) <br>Cystatin C (-) <br>DBP (+) <br>Phosphate (-) <br>SBP (+) <br>Total bilirubin (-) <br>Urea (-) <br>
169,rs11079536,17:62392403:G:T,1,Adipose,17,0.4,PECAM1,,,,,SMURF2,TEX2,PECAM1,,,,,PECAM1,Novel,2,,SBP (+) <br>
170,rs2909217,17:66463985:C:T,1,Aorta,10,0.32,WIPI1,,,,,WIPI1,BPTF,,PRKAR1A (TIB; AOR),,,,WIPI1,Novel,2,,Alkaline phosphatase (-) <br>Creatinine (+) <br>Phosphate (+) <br>
171,rs2410859,17:73841285:C:T,,,,,UNC13D,,,,UNC13D,TRIM47,GRB2,,,,UNC13D (BLD),,UNC13D,Novel,3,Hypercholesterolemia (+) <br>,Glucose (+) <br>IGF-1 (+) <br>LDL-direct (+) <br>Total bilirubin (-) <br>Total protein (+) <br>
172,rs9951447,18:20009691:C:T,1,Liver,33,0.48,CTAGE1,,GATA6,,,GATA6,RBBP8,CTAGE1,,,,,CTAGE1; GATA6,Novel,2,,
173,rs9945890,18:46515916:G:T,1,Adrenal,6,0.44,SMAD7,,,,,SMAD7,CTIF,SMAD7,,,,,SMAD7,Novel,3,Hypercholesterolemia (+) <br>,
174,rs12965923,18:47213682:A:G,1,HUVEC,5,0.89,LIPG,,,,,LIPG,ACAA2,LIPG,,,,,LIPG,Novel,3,,Apolipoprotein A (+) <br>Cholesterol (+) <br>HDL-cholesterol (+) <br>
175,rs11663411,18:56960510:C:T,,,,,CPLX4,,LMAN1,,,ZNF532,LMAN1,,LMAN1 (TIB; BLD; SAF; COR; AOR),,,,LMAN1,Novel,3,,
176,rs476828,18:57852587:C:T,,,,,MC4R,,MC4R,,,MC4R,CCBE1,MC4R,,,,,MC4R,Known,4,Gout (+) <br>Hypertension (+) <br>,Apolipoprotein A (-) <br>BMI (+) <br>C-reactive protein (+) <br>Cystatin C (+) <br>HDL-cholesterol (-) <br>SHBG (-) <br>Triglycerides (+) <br>Urate (+) <br>
177,rs116843064,19:8429323:A:G,9,Aorta,1,1,ANGPTL4,ANGPTL4,,ANGPTL4,ANGPTL4,ANGPTL4,MAP2K7,ANGPTL4,,,,,ANGPTL4,Known,6,Hypercholesterolemia (+) <br>,Apolipoprotein A (-) <br>HDL-cholesterol (-) <br>Triglycerides (+) <br>
178,rs55997232,19:11188117:C:T,1,Adrenal,10,0.34,LDLR,LDLR,LDLR; LDLR-AS1,LDLR,,LDLR,SMARCA4,LDLR,,,,,LDLR,Known,6,Hypercholesterolemia (+) <br>,Apolipoprotein A (-) <br>Apolipoprotein B (+) <br>Cholesterol (+) <br>LDL-direct (+) <br>
178,rs10422256,19:11216617:A:G,1,Adrenal,10,0.34,LDLR,LDLR,LDLR; LDLR-AS1,LDLR,,LDLR,SMARCA4,LDLR,,,,,LDLR,Known,6,Hypercholesterolemia (+) <br>,Apolipoprotein B (+) <br>Cholesterol (+) <br>HbA1c (+) <br>LDL-direct (+) <br>
178,rs72658867,19:11231203:A:G,1,Adrenal,10,0.34,LDLR,LDLR,LDLR; LDLR-AS1,LDLR,,LDLR,SMARCA4,LDLR,LDLR (BLD),,,,LDLR,Known,7,Hypercholesterolemia (+) <br>,Apolipoprotein B (+) <br>Cholesterol (+) <br>LDL-direct (+) <br>Triglycerides (+) <br>
179,rs167479,19:11526765:G:T,,,,,RGL3,,,,RGL3,LDLR,SMARCA4,,,,,,RGL3,Novel,2,Hypercholesterolemia (+) <br>Hypertension (+) <br>,DBP (+) <br>SBP (+) <br>
180,rs7246865,19:17219105:A:G,4,HSMM,9,0.71,MYO9B,,,,,MYO9B,BST2,,MYO9B (TIB; SAF),,,,MYO9B,Novel,3,Hypertension (+) <br>,DBP (+) <br>HbA1c (-) <br>SBP (+) <br>
181,rs10410487,19:17829608:C:T,6,HUVEC,13,0.41,MAP1S,,,,,BST2,MAP1S,,MAP1S (BLD; VAF),,MAP1S (LIV),,MAP1S,Novel,3,,Gamma glutamyltransferase (+) <br>
182,rs78030362,19:18575193:A:G,3,Liver,2,0.62,ELL,,,,,ISYNA1,UPF1,,,,,,-,,1,,Creatinine (+) <br>Phosphate (+) <br>
183,rs768453105,19:41790086:G:GTTATGGTA,,,,,HNRNPUL1,,,,,TGFB1,AXL,TGFB1,,,,,TGFB1,Novel,2,,Aspartate aminotransferase (+) <br>Gamma glutamyltransferase (+) <br>IGF-1 (+) <br>
183,rs1800469,19:41860296:A:G,,,,,B9D2,,,,B9D2,TGFB1,AXL,TGFB1,AXL (TIB),TGFB1 (ADR); B9D2 (TIB),,,TGFB1; B9D2,Novel,3,,
183,rs11466359,19:41837615:A:G,,,,,TGFB1,,,,,TGFB1,AXL,TGFB1,TGFB1 (VAF; LIV),CCDC97 (SAF),AXL (LIV),,TGFB1,Novel,4,,
184,rs429358,19:45411941:C:T,2,Liver,1,1,APOE,,APOE,,APOE,APOE,APOC1,APOE,,,,,APOE,Known,5,Alzheimers or Dementia (+) <br>Hypercholesterolemia (+) <br>,Alanine aminotransferase (-) <br>Alkaline phosphatase (-) <br>Apolipoprotein A (-) <br>Apolipoprotein B (+) <br>BMI (-) <br>C-reactive protein (-) <br>Cholesterol (+) <br>Creatinine (-) <br>Cystatin C (-) <br>Gamma glutamyltransferase (-) <br>HDL-cholesterol (-) <br>LDL-direct (+) <br>SHBG (+) <br>Triglycerides (+) <br>Urate (-) <br>Urea (-) <br>
184,rs7412,19:45412079:C:T,,,,,APOE,,APOE,,APOE,APOE,APOC1,APOE,,,,,APOE,Known,5,Hypercholesterolemia (+) <br>Hypertension (+) <br>,Albumin (+) <br>Alkaline phosphatase (-) <br>Apolipoprotein A (-) <br>Apolipoprotein B (+) <br>BMI (-) <br>C-reactive protein (-) <br>Cholesterol (+) <br>Creatinine (-) <br>Cystatin C (-) <br>Direct bilirubin (-) <br>HDL-cholesterol (-) <br>LDL-direct (+) <br>Lipoprotein A (+) <br>SBP (+) <br>Triglycerides (-) <br>
185,rs183657985,19:45742498:C:T,,,,,EXOC3L2,,APOE,,,APOE,APOC1,APOE; MARK4,,,,,APOE,Known,3,Hypertension (+) <br>,Alanine aminotransferase (+) <br>Aspartate aminotransferase (-) <br>C-reactive protein (+) <br>Calcium (-) <br>DBP (+) <br>Gamma glutamyltransferase (+) <br>SBP (+) <br>SHBG (-) <br>Total protein (-) <br>
186,rs8108474,19:46301479:C:T,1,Monocytes,14,0.23,RSPH6A,,,,BHMG1; SIX5,VASP,ERCC1,FOXA3,DMWD (TIB; AOR),DMPK (SAF); MYPOP (VAF),DMWD (AOR; MAM),DMPK (AOR; VAF; SAF),-,,1,Cholelithiasis or Gallstones (+) <br>,SBP (-) <br>
187,rs1132274,20:17596155:A:C,2,Adipose,7,0.51,RRBP1,,,,RRBP1,RRBP1,DSTN,,,,,,RRBP1,Novel,3,,Alkaline phosphatase (+) <br>Apolipoprotein A (-) <br>Aspartate aminotransferase (-) <br>Vitamin D (+) <br>
188,rs17406518,20:33799176:A:C,,,,,MMP24,,,,,NCOA6,RBM39,NCOA6,,,,,NCOA6,Novel,2,Venous thromboembolism (-) <br>,HbA1c (+) <br>
188,rs6088595,20:33358499:A:T,,,,,NCOA6,,,,,NCOA6,ITCH,NCOA6,,,GGT7 (SKLM),TRPC4AP (BLD),NCOA6,Novel,3,,Alanine aminotransferase (+) <br>Apolipoprotein A (-) <br>Creatinine (+) <br>Urate (+) <br>
189,rs2207132,20:39142516:A:G,2,Liver,3,0.77,MAFB,,,,,MAFB,,,,,MAFB (LIV),,MAFB,Novel,3,Hypercholesterolemia (+) <br>,Alanine aminotransferase (+) <br>Alkaline phosphatase (+) <br>Apolipoprotein B (+) <br>C-reactive protein (+) <br>Cholesterol (+) <br>IGF-1 (-) <br>LDL-direct (+) <br>Total bilirubin (-) <br>Triglycerides (+) <br>
190,rs6102343,20:39924279:A:G,1,HUVEC,14,0.26,ZHX3,,,,,PLCG1,TOP1,,,,,,-,,1,Hypercholesterolemia (+) <br>,Apolipoprotein B (+) <br>Cholesterol (+) <br>Gamma glutamyltransferase (+) <br>Glucose (-) <br>IGF-1 (+) <br>LDL-direct (+) <br>SHBG (+) <br>Total bilirubin (+) <br>Triglycerides (+) <br>
191,rs8124182,20:44608901:A:G,,,,,ZNF335,,,,,PLTP,CD40,PLTP,,,PLTP (SAF; AOR; VAF; SKLM),,PLTP,Novel,3,,Apolipoprotein B (-) <br>
192,rs2008614,20:47433150:C:T,1,Monocytes,28,0.26,PREX1,,,,,ZNFX1,ARFGEF2,,,,,,-,,1,Hypertension (+) <br>,DBP (+) <br>SBP (+) <br>
193,rs6026739,20:57739469:A:T,,,,,ZNF831,,TUBB1,,,GNAS,NPEPL1,,,,,,-,,1,Hypercholesterolemia (+) <br>Hypertension (+) <br>,DBP (+) <br>SBP (+) <br>
194,rs149487184,21:35605863:C:T,1,Adipose,1,1,NCRNA00310,,,,,ITSN1,SLC5A3,,,,,,-,,1,,HbA1c (+) <br>SBP (-) <br>
194,rs28451064,21:35593827:A:G,1,Adipose,1,1,NCRNA00310,,,,,ITSN1,SLC5A3,,,,SLC5A3 (AOR; MAM),AP000318.2 (AOR); MRPS6 (AOR; MAM); AP000320.7 (AOR); LINC00310 (AOR; SAF),SLC5A3,Novel,2,,DBP (+) <br>
195,rs71313931,22:19960184:C:G,1,Liver,13,0.38,ARVCF,,GP1BB; SEPT5,,,CLDN5,COMT,ARVCF,ARVCF (AOR; TIB),,ARVCF (AOR; MAM),,ARVCF,Novel,3,Hypertension (+) <br>,SBP (+) <br>
196,rs5760309,22:24677831:G:T,,,,,SPECC1L,,,,,CABIN1,GGT5,,,,,,-,,1,,Gamma glutamyltransferase (+) <br>Glucose (+) <br>HbA1c (+) <br>Vitamin D (-) <br>
196,rs12484557,22:24555861:A:G,,,,,CABIN1,,,,SUSD2,CABIN1,GGT5,,SUSD2 (SAF; ADR),CABIN1 (BLD),SUSD2 (SAF; SKLM; AOR),,CABIN1,Novel,3,,Gamma glutamyltransferase (+) <br>
197,rs6006426,22:30669883:A:G,3,Monocytes,2,0.67,OSM,,,,,LIF,OSM,OSM,,,,,OSM,Novel,3,,
198,rs139012,22:43623972:A:G,,,,,SCUBE1,,,,SCUBE1,SCUBE1,ARFGAP3,,,,,,SCUBE1,Novel,3,,
199,rs6656344,1:42948585:A:C,,,,,CCDC30,,,,,LEPRE1,FOXJ3,CCDC30; LEPRE1,CCDC30 (BLD),PPCS (TIB); TMEM125 (SAF),CCDC30 (MAM; AOR; BLD),LEPRE1 (AOR),CCDC30; LEPRE1,Novel,3,,
200,rs2285219,1:175130983:A:T,,,,,KIAA0040,,,,,KIAA0040,RABGAP1L,,,,,,KIAA0040,Novel,2,,DBP (+) <br>
201,rs12468870,2:69679537:C:G,,,,,AAK1,,,,,AAK1,ANTXR1,AAK1,NFU1 (ADR; VAF; SAF),,GFPT1 (BLD; SKLM),NFU1 (SAF; VAF; BLD),AAK1,Novel,3,,Calcium (-) <br>
202,rs4954580,2:136986303:C:T,1,HUVEC,41,0.1,CXCR4,,,,,UBXN4,CXCR4,CXCR4,CXCR4 (SAF),,,,CXCR4,Novel,4,,
203,rs1430158,2:183262128:C:T,,,,,PDE1A,,,,,PDE1A,SSFA2,,,,,,PDE1A,Novel,2,,DBP (+) <br>
204,rs7622417,3:141625999:C:G,,,,,ATP1B3,,,,,ZBTB38,TFDP2,,ATP1B3 (TIB),,ATP1B3 (MAM; SAF),,ATP1B3,Novel,2,,Creatinine (+) <br>IGF-1 (+) <br>
205,rs11721038,3:168849576:C:T,,,,,MECOM,,MECOM,,,MECOM,,MECOM,,,,,MECOM,Novel,4,Hypertension (+) <br>,DBP (+) <br>SBP (+) <br>
206,rs12641981,4:45179883:C:T,,,,,GNPDA2,,,,,YIPF7,GNPDA2,,,,,,GNPDA2,Novel,2,,BMI (+) <br>
207,rs2652682,5:17113657:A:T,2,Kidney,4976,0.32,BASP-AS1,,,,,BASP1,MYO10,,,,,,-,,1,,
208,rs5867305*,5:36157262:C:CA,,,,,SKP2,,,,,SKP2,NADK2,,,,,,SKP2,Novel,2,,
209,rs157333,5:156117200:C:G,,,,,SGCD,,SGCD,,,SGCD,MED7,SGCD,,,SGCD (AOR),,SGCD,Novel,4,,Cholesterol (+) <br>
210,rs62405422,6:50796905:C:T,5,Liver,4975,0.44,TFAP2B,,TFAP2B,,,TFAP2B,TFAP2D,,,,,,TFAP2B,Novel,3,Type 2 Diabetes (+) <br>Hypertension (+) <br>,BMI (+) <br>Urea (+) <br>
211,rs9400480,6:111850597:C:G,,,,,TRAF3IP2-AS1,,,,,REV3L,FYN,,,,,,-,,1,,
212,rs9399136,6:135402339:C:T,1,HUVEC,3806,0.22,HBS1L,,,,,AHI1,MYB,HBS1L,,,,,HBS1L,Novel,2,Hypercholesterolemia (+) <br>,Albumin (-) <br>Aspartate aminotransferase (+) <br>Calcium (-) <br>Cholesterol (+) <br>LDL-direct (+) <br>
213,rs215634,7:32369148:A:G,,,,,PDE1C,,,,,PDE1C,AVL9,,,,,,PDE1C,Novel,2,,BMI (+) <br>Cystatin C (+) <br>
214,rs1019016,7:80570562:G:T,6,Adipose,4980,0.31,SEMA3C,,CD36,,MCM7; ZNF3,CD36,SEMA3C,SEMA3C,,,SEMA3C (SAF; SKLM),,SEMA3C,Novel,4,,
215,rs6953441,7:99617067:A:G,,,,,ZKSCAN1,,,,,ZKSCAN1,CYP3A4,,ZKSCAN1 (TIB),TAF6 (AOR; TIB),PVRIG (BLD),STAG3 (VAF); ZKSCAN1 (MAM),ZKSCAN1,Novel,3,,Cholesterol (+) <br>DBP (+) <br>LDL-direct (+) <br>
216,rs75655731*,8:9721394:C:G,,,,,LINC00599,,,,,TNKS,MSRA,,,,,,-,,1,,
217,rs1536608,9:223613:G:T,,,,,DOCK8,,,,,KANK1,DOCK8,,DOCK8 (ADR),,,,DOCK8,Novel,3,,SBP (+) <br>
218,rs3935875,9:139238824:A:G,,,,,GPSM1,,NOTCH1; AGPAT2,,GPSM1,NOTCH1,EGFL7,GPSM1,,,,,GPSM1,Novel,3,Type 2 Diabetes (+) <br>,
219,rs7077962,10:25054674:C:T,,,,,ARHGAP21,,,,,ARHGAP21,PRTFDC1,,,,,,ARHGAP21,Novel,2,,
220,rs75082222,10:33516373:T:TA,2,Adipose,4965,0.32,NRP1,,,,,NRP1,ITGB1,NRP1,,,,,NRP1,Novel,3,,
221,rs7903146,10:114758349:C:T,1,Adipose,16,0.4,TCF7L2,,,,,TCF7L2,VTI1A,,,,,,TCF7L2,Novel,2,Type 2 Diabetes (+) <br>Hypercholesterolemia (+) <br>,BMI (-) <br>
222,rs646668,10:116138034:A:G,1,HUVEC,4983,0.35,AFAP1L2,,,,,AFAP1L2,ADRB1,AFAP1L2,,,,,AFAP1L2,Novel,3,,
223,rs11410951,11:111621399:C:CA,,,,,PPP2R1B,,CRYAB,,,CRYAB,HSPB2,,,,,,CRYAB,Novel,2,,
224,rs2277383,12:52314388:G:T,2,Adipose,4966,0.31,ACVRL1,,ACVRL1,,,ACVRL1,NR4A1,ACVRL1,,,,,ACVRL1,Novel,4,,Creatinine (+) <br>Urea (+) <br>
225,rs62956461,12:56706178:A:AT,,,,,CNPY2,,,,COQ10A; STAT2,SMARCC2,CDK2,,RP11-977G19.11 (SAF; ADR),STAT2 (LIV); CNPY2 (TIB); PAN2 (TIB; SAF); ,STAT2 (LIV; SAF),RP11-977G19.11 (SAF; MAM; LIV; BLD; AOR); PAN2 (AOR),CNPY2; STAT2,Novel,2,,
226,rs8176893,12:79999309:A:T,,,,,PAWR,,,,,PPP1R12A,PAWR,,,,,,PAWR,Novel,2,,
227,rs12864131,13:27045939:A:G,,,,,CDK8,,CDK8,,,CDK8,RNF6,CDK8,WASF3 (COR),CDK8 (TIB; SAF),CDK8 (AOR),,CDK8,Novel,5,,
228,rs10852238,16:20253374:A:T,,,,,GP2,,,,,GPRC5B,THUMPD1,,,,,,-,,1,,BMI (+) <br>
229,rs111806192,16:28252382:G:T,,,,,XPO6,,,,XPO6,NUPR1,CLN3,,XPO6 (BLD; VAF),,XPO6 (LIV; BLD; AOR),,XPO6,Novel,3,,Albumin (-) <br>Apolipoprotein A (-) <br>
230,rs16952537,16:80185366:A:G,2,Adipose,4978,0.51,DYNLRB2,,,,,CDYL2,DYNLRB2,,,,,,DYNLRB2,Novel,2,,
231,rs16968377,17:36942396:C:T,,,,,PIP4K2B,,,,,FBXL20,LASP1,PIP4K2B,,,,,PIP4K2B,Novel,2,Hypertension (+) <br>,
232,rs8075861,17:76915710:A:C,1,Aorta,37,0.5,TIMP2,,,,,C1QTNF1,CYTH1,,,,,,-,,1,,Phosphate (-) <br>
233,rs73025613,19:38334361:C:T,,,,,WDR87,,,,,PPP1R14A,SIPA1L3,ZNF781,ZNF781 (COR),CTD-2554C21.3 (VAF),,,ZNF781,Novel,2,,
234,rs35219138,21:45117913:A:AT,,,,,RRP1B,,,,RRP1B,SIK1,RRP1B,HSF2BP,PDXK (TIB; AOR),RRP1B (BLD); HSF2BP (TIB),,,RRP1B,Novel,4,Hypertension (+) <br>,SBP (+) <br>
235,rs4452,22:33283257:C:T,,,,,SYN3,,SYN3,,,TIMP3,SYN3,,,,,,SYN3,Novel,3,,
236,rs738408,22:44324730:C:T,2,Liver,4962,0.09,PNPLA3,,,,PNPLA3,PNPLA3,PARV2,PNPLA3,,,PNPLA3 (SAF),,PNPLA3,Novel,5,Gout (+) <br>,Alanine aminotransferase (-) <br>Apolipoprotein A (+) <br>Aspartate aminotransferase (-) <br>Cholesterol (+) <br>HDL-cholesterol (+) <br>IGF-1 (+) <br>LDL-direct (+) <br>SHBG (-) <br>Urate (+) <br>